Ref,Value,Footprint,LCSC
J1,Pin socket 1x20 back side,Connector_PinSocket_2.54mm:PinSocket_1x20_P2.54mm_Vertical,
J2,Pin socket 1x20 back side,Connector_PinSocket_2.54mm:PinSocket_1x20_P2.54mm_Vertical,
F1,0.2A,Fuse:Fuse_1812_4532Metric,
C3,100nF,PCM_JLCPCB:C_0805,C28233
R5,1k,PCM_JLCPCB:R_0805,C17513
C4,100nF,PCM_JLCPCB:C_0805,C28233
D1,BAT54S,Package_TO_SOT_SMD:SOT-23,C7420333
R1,150,PCM_JLCPCB:R_0805,C17471
R6,1k,PCM_JLCPCB:R_0805,C17513
C5,100nF,PCM_JLCPCB:C_0805,C28233
D2,BAT54S,Package_TO_SOT_SMD:SOT-23,C7420333
R2,150,PCM_JLCPCB:R_0805,C17471
R7,1k,PCM_JLCPCB:R_0805,C17513
C6,100nF,PCM_JLCPCB:C_0805,C28233
D3,BAT54S,Package_TO_SOT_SMD:SOT-23,C7420333
R3,150,PCM_JLCPCB:R_0805,C17471
R8,1k,PCM_JLCPCB:R_0805,C17513
C7,100nF,PCM_JLCPCB:C_0805,C28233
D4,BAT54S,Package_TO_SOT_SMD:SOT-23,C7420333
R4,150,PCM_JLCPCB:R_0805,C17471
J8,4-20 mA,TerminalBlock_Phoenix:TerminalBlock_Phoenix_MKDS-1,5_5-5.08_1x05_P5.08mm_Horizontal,
R9,1k,PCM_JLCPCB:R_0805,C17513
C8,100nF,PCM_JLCPCB:C_0805,C28233
D5,BAT54S,Package_TO_SOT_SMD:SOT-23,C7420333
R13,10k,PCM_JLCPCB:R_0805,C17414
R10,1k,PCM_JLCPCB:R_0805,C17513
C9,100nF,PCM_JLCPCB:C_0805,C28233
D6,BAT54S,Package_TO_SOT_SMD:SOT-23,C7420333
R14,10k,PCM_JLCPCB:R_0805,C17414
R11,1k,PCM_JLCPCB:R_0805,C17513
C10,100nF,PCM_JLCPCB:C_0805,C28233
D7,BAT54S,Package_TO_SOT_SMD:SOT-23,C7420333
R15,10k,PCM_JLCPCB:R_0805,C17414
R12,1k,PCM_JLCPCB:R_0805,C17513
C11,100nF,PCM_JLCPCB:C_0805,C28233
D8,BAT54S,Package_TO_SOT_SMD:SOT-23,C7420333
R16,10k,PCM_JLCPCB:R_0805,C17414
J7,Contacts,TerminalBlock_Phoenix:TerminalBlock_Phoenix_MKDS-1,5_5-5.08_1x05_P5.08mm_Horizontal,
R21,100,PCM_JLCPCB:R_0805,C17408
J6,1-Wire,TerminalBlock_Phoenix:TerminalBlock_Phoenix_MKDS-1,5_3-5.08_1x03_P5.08mm_Horizontal,
JP6,fit one,Connector_PinHeader_2.54mm:PinHeader_2x03_P2.54mm_Vertical,
R24,4.7k,PCM_JLCPCB:R_0805,C17673
R25,2.2k,PCM_JLCPCB:R_0805,C17520
R26,1k,PCM_JLCPCB:R_0805,C17513
R17,100,PCM_JLCPCB:R_0805,C17408
R18,100,PCM_JLCPCB:R_0805,C17408
J11,data socket,Connector_PinSocket_2.54mm:PinSocket_1x03_P2.54mm_Vertical,
J12,probe socket,Connector_PinSocket_2.54mm:PinSocket_1x03_P2.54mm_Vertical,
J3,EZO pH probe,TerminalBlock_Phoenix:TerminalBlock_Phoenix_MKDS-1,5_2-5.08_1x02_P5.08mm_Horizontal,
R19,100,PCM_JLCPCB:R_0805,C17408
R20,100,PCM_JLCPCB:R_0805,C17408
J9,data socket,Connector_PinSocket_2.54mm:PinSocket_1x03_P2.54mm_Vertical,
J10,probe socket,Connector_PinSocket_2.54mm:PinSocket_1x03_P2.54mm_Vertical,
J4,EZO ORP probe,TerminalBlock_Phoenix:TerminalBlock_Phoenix_MKDS-1,5_2-5.08_1x02_P5.08mm_Horizontal,
R28,4.7k,PCM_JLCPCB:R_0805,C17673
R27,4.7k,PCM_JLCPCB:R_0805,C17673
J16,I2C,Connector_PinSocket_2.54mm:PinSocket_1x04_P2.54mm_Vertical,
J13,data socket,Connector_PinSocket_2.54mm:PinSocket_1x03_P2.54mm_Vertical,
J14,probe socket,Connector_PinSocket_2.54mm:PinSocket_1x03_P2.54mm_Vertical,
J5,EZO I2C probe,TerminalBlock_Phoenix:TerminalBlock_Phoenix_MKDS-1,5_2-5.08_1x02_P5.08mm_Horizontal,
R29,10k,PCM_JLCPCB:R_0805,C17414
SW1,TS-1187A,Button_Switch_SMD:SW_Push_1P1T_XKB_TS-1187A,
R30,10k,PCM_JLCPCB:R_0805,C17414
SW2,TS-1187A,Button_Switch_SMD:SW_Push_1P1T_XKB_TS-1187A,
